web-scraper-order,web-scraper-start-url,category,question,option
1725619184-1,https://www.indiabix.com/aptitude/questions-and-answers/,https://www.indiabix.com/aptitude/odd-man-out-and-series/,"3, 5, 11, 14, 17, 21","21,17,14,3"
1725619184-2,https://www.indiabix.com/aptitude/questions-and-answers/,https://www.indiabix.com/aptitude/odd-man-out-and-series/,"8, 27, 64, 100, 125, 216, 343","27,100,125,343"
1725619184-3,https://www.indiabix.com/aptitude/questions-and-answers/,https://www.indiabix.com/aptitude/odd-man-out-and-series/,"10, 25, 45, 54, 60, 75, 80","10,45,54,75"
1725619184-4,https://www.indiabix.com/aptitude/questions-and-answers/,https://www.indiabix.com/aptitude/odd-man-out-and-series/,"396, 462, 572, 427, 671, 264","396,427,671,264"
1725619184-5,https://www.indiabix.com/aptitude/questions-and-answers/,https://www.indiabix.com/aptitude/odd-man-out-and-series/,"6, 9, 15, 21, 24, 28, 30","28,21,24,30"
1725619186-6,https://www.indiabix.com/aptitude/questions-and-answers/,https://www.indiabix.com/aptitude/bankers-discount/,The banker's discount on a bill due 4 months hence at 15% is Rs. 420. The true discount is:,"Rs. 400,Rs. 360,Rs. 480,Rs. 320"
1725619186-7,https://www.indiabix.com/aptitude/questions-and-answers/,https://www.indiabix.com/aptitude/bankers-discount/,The banker's discount on Rs. 1600 at 15% per annum is the same as true discount on Rs. 1680 for the same time and at the same rate. The time is:,"3 months,4 months,6 months,8 months"
1725619186-8,https://www.indiabix.com/aptitude/questions-and-answers/,https://www.indiabix.com/aptitude/bankers-discount/,The banker's gain of a certain sum due 2 years hence at 10% per annum is Rs. 24. The present worth is:,"Rs. 480,Rs. 520,Rs. 600,Rs. 960"
1725619186-9,https://www.indiabix.com/aptitude/questions-and-answers/,https://www.indiabix.com/aptitude/bankers-discount/,The banker's discount on a sum of money for 1 years is Rs. 558 and the true discount on the same sum for 2 years is Rs. 600. The rate percent is:,"10%,13%,12%,15%"
1725619186-10,https://www.indiabix.com/aptitude/questions-and-answers/,https://www.indiabix.com/aptitude/bankers-discount/,The banker's gain on a sum due 3 years hence at 12% per annum is Rs. 270. The banker's discount is:,"Rs. 960,Rs. 840,Rs. 1020,Rs. 760"
1725619188-11,https://www.indiabix.com/aptitude/questions-and-answers/,https://www.indiabix.com/aptitude/true-discount/,"A man purchased a cow for Rs. 3000 and sold it the same day for Rs. 3600, allowing the buyer a credit of 2 years. If the rate of interest be 10% per annum, then the man has a gain of:","0%,5%,7.5%,10%"
1725619188-13,https://www.indiabix.com/aptitude/questions-and-answers/,https://www.indiabix.com/aptitude/true-discount/,"A trader owes a merchant Rs. 10,028 due 1 year hence. The trader wants to settle the account after 3 months. If the rate of interest 12% per annum, how much cash should he pay?","Rs. 9025.20,Rs. 9200,Rs. 9600,Rs. 9560"
1725619188-14,https://www.indiabix.com/aptitude/questions-and-answers/,https://www.indiabix.com/aptitude/true-discount/,"A man wants to sell his scooter. There are two offers, one at Rs. 12,000 cash and the other a credit of Rs. 12,880 to be paid after 8 months, money being at 18% per annum. Which is the better offer?","Rs. 12,000 in cash,s. 12,880 at credit,Both are equally good"
1725619188-15,https://www.indiabix.com/aptitude/questions-and-answers/,https://www.indiabix.com/aptitude/true-discount/,"If Rs. 10 be allowed as true discount on a bill of Rs. 110 due at the end of a certain time, then the discount allowed on the same sum due at the end of double the time is:","Rs. 20,Rs. 21.81,Rs. 22,Rs. 18.33"
1725619193-21,https://www.indiabix.com/aptitude/questions-and-answers/,https://www.indiabix.com/aptitude/stocks-and-shares/,"In order to obtain an income of Rs. 650 from 10% stock at Rs. 96, one must make an investment of:","Rs. 3100,Rs. 6240,Rs. 6500,Rs. 9600"
1725619193-24,https://www.indiabix.com/aptitude/questions-and-answers/,https://www.indiabix.com/aptitude/stocks-and-shares/,A man buys Rs. 20 shares paying 9% dividend. The man wants to have an interest of 12% on his money. The market value of each share is:,"Rs. 12,Rs. 15,Rs. 18,Rs. 21"
1725619193-25,https://www.indiabix.com/aptitude/questions-and-answers/,https://www.indiabix.com/aptitude/stocks-and-shares/,"By investing in 16% stock at 64, one earns Rs. 1500. The investment made is:","Rs. 5640,Rs. 5760,Rs. 7500,Rs. 9600"
1725619195-26,https://www.indiabix.com/aptitude/questions-and-answers/,https://www.indiabix.com/aptitude/races-and-games/,"In a 100 m race, A can give B 10 m and C 28 m. In the same race B can give C:","18 m,20 m,27 m,9 m"
1725619195-27,https://www.indiabix.com/aptitude/questions-and-answers/,https://www.indiabix.com/aptitude/races-and-games/,A and B take part in 100 m race. A runs at 5 kmph. A gives B a start of 8 m and still beats him by 8 seconds. The speed of B is:,"5.15 kmph,4.14 kmph,4.25 kmph,4.4 kmph"
1725619195-28,https://www.indiabix.com/aptitude/questions-and-answers/,https://www.indiabix.com/aptitude/races-and-games/,"In a 500 m race, the ratio of the speeds of two contestants A and B is 3 : 4. A has a start of 140 m. Then, A wins by:","60 m,40 m,20 m,10 m"
1725619195-29,https://www.indiabix.com/aptitude/questions-and-answers/,https://www.indiabix.com/aptitude/races-and-games/,"In a 100 m race, A beats B by 10 m and C by 13 m. In a race of 180 m, B will beat C by:","5.4 m,4.5 m,5 m,6 m"
1725619195-30,https://www.indiabix.com/aptitude/questions-and-answers/,https://www.indiabix.com/aptitude/races-and-games/,"At a game of billiards, A can give B 15 points in 60 and A can give C to 20 points in 60. How many points can B give C in a game of 90?","30 points,20 points,10 points,12 points"
1725619197-31,https://www.indiabix.com/aptitude/questions-and-answers/,https://www.indiabix.com/aptitude/logarithm/,Which of the following statements is not correct?,"log10 10 = 1,log (2 + 3) = log (2 x 3),log10 1 = 0,log (1 + 2 + 3) = log 1 + log 2 + log 3"
1725619197-32,https://www.indiabix.com/aptitude/questions-and-answers/,https://www.indiabix.com/aptitude/logarithm/,"If log 2 = 0.3010 and log 3 = 0.4771, the value of log5 512 is:","2.870,2.967,3.876,3.912"
,,,,
1725619197-34,https://www.indiabix.com/aptitude/questions-and-answers/,https://www.indiabix.com/aptitude/logarithm/,"If log 27 = 1.431, then the value of log 9 is:","0.934,0.945,0.954,0.958"
1725619197-35,https://www.indiabix.com/aptitude/questions-and-answers/,https://www.indiabix.com/aptitude/logarithm/,"If log
    a
    +
    log
    b
    = log (a + b), then:
 
 
    b
    a","a + b = 1,a - b = 1,a = b,a2 - b2 = 1"
,,,,
1725619200-37,https://www.indiabix.com/aptitude/questions-and-answers/,https://www.indiabix.com/aptitude/alligation-or-mixture/,"Tea worth Rs. 126 per kg and Rs. 135 per kg are mixed with a third variety in the ratio 1 : 1 : 2. If the mixture is worth Rs. 153 per kg, the price of the third variety per kg will be:","Rs. 169.50,Rs. 170,Rs. 175.50,Rs. 180"
1725619200-38,https://www.indiabix.com/aptitude/questions-and-answers/,https://www.indiabix.com/aptitude/alligation-or-mixture/,"A can contains a mixture of two liquids A and B is the ratio 7 : 5. When 9 litres of mixture are drawn off and the can is filled with B, the ratio of A and B becomes 7 : 9. How many litres of liquid A was contained by the can initially?","10,20,21,25"
1725619200-39,https://www.indiabix.com/aptitude/questions-and-answers/,https://www.indiabix.com/aptitude/alligation-or-mixture/,A milk vendor has 2 cans of milk. The first contains 25% water and the rest milk. The second contains 50% water. How much milk should he mix from each of the containers so as to get 12 litres of milk such that the ratio of water to milk is 3 : 5?,"4 litres, 8 litres,6 litres, 6 litres,5 litres, 7 litres,7 litres, 5 litres"
1725619200-40,https://www.indiabix.com/aptitude/questions-and-answers/,https://www.indiabix.com/aptitude/alligation-or-mixture/,In what ratio must a grocer mix two varieties of pulses costing Rs. 15 and Rs. 20 per kg respectively so as to get a mixture worth Rs. 16.50 kg?,"3 : 7,5 : 7,7 : 3,7 : 5"
1725619202-41,https://www.indiabix.com/aptitude/questions-and-answers/,https://www.indiabix.com/aptitude/boats-and-streams/,"A boat can travel with a speed of 13 km/hr in still water. If the speed of the stream is 4 km/hr, find the time taken by the boat to go 68 km downstream.","2 hours,3 hours,4 hours,5 hours"
1725619202-42,https://www.indiabix.com/aptitude/questions-and-answers/,https://www.indiabix.com/aptitude/boats-and-streams/,A man's speed with the current is 15 km/hr and the speed of the current is 2.5 km/hr. The man's speed against the current is:,"8.5 km/hr,9 km/hr,10 km/hr,12.5 km/hr"
1725619202-43,https://www.indiabix.com/aptitude/questions-and-answers/,https://www.indiabix.com/aptitude/boats-and-streams/,"A boat running upstream takes 8 hours 48 minutes to cover a certain distance, while it takes 4 hours to cover the same distance running downstream. What is the ratio between the speed of the boat and speed of the water current respectively?","2 : 1,3 : 2,8 : 3,Cannot be determined,None of these"
1725619202-44,https://www.indiabix.com/aptitude/questions-and-answers/,https://www.indiabix.com/aptitude/boats-and-streams/,"A motorboat, whose speed in 15 km/hr in still water goes 30 km downstream and comes back in a total of 4 hours 30 minutes. The speed of the stream (in km/hr) is:","4,5,6,10"
1725619202-45,https://www.indiabix.com/aptitude/questions-and-answers/,https://www.indiabix.com/aptitude/boats-and-streams/,"In one hour, a boat goes 11 km/hr along the stream and 5 km/hr against the stream. The speed of the boat in still water (in km/hr) is:","3 km/hr,5 km/hr,8 km/hr,9 km/hr"
,,,,
,,,,
,,,,
1725619204-49,https://www.indiabix.com/aptitude/questions-and-answers/,https://www.indiabix.com/aptitude/pipes-and-cistern/,"Two pipes A and B can fill a cistern in 37 minutes and 45 minutes respectively. Both pipes are opened. The cistern will be filled in just half an hour, if the B is turned off after:","5 min.,9 min.,10 min.,15 min."
1725619204-50,https://www.indiabix.com/aptitude/questions-and-answers/,https://www.indiabix.com/aptitude/pipes-and-cistern/,A tank is filled by three pipes with uniform flow. The first two pipes operating simultaneously fill the tank in the same time during which the tank is filled by the third pipe alone. The second pipe fills the tank 5 hours faster than the first pipe and 4 hours slower than the third pipe. The time required by the first pipe is:,"6 hours,10 hours,15 hours,30 hours"
1725619206-51,https://www.indiabix.com/aptitude/questions-and-answers/,https://www.indiabix.com/aptitude/chain-rule/,"3 pumps, working 8 hours a day, can empty a tank in 2 days. How many hours a day must 4 pumps work to empty the tank in 1 day?","9,10,11,12"
,,,,
1725619206-53,https://www.indiabix.com/aptitude/questions-and-answers/,https://www.indiabix.com/aptitude/chain-rule/,"Running at the same constant rate, 6 identical machines can produce a total of 270 bottles per minute. At this rate, how many bottles could 10 such machines produce in 4 minutes?","6,481,800,270,010,800"
1725619206-55,https://www.indiabix.com/aptitude/questions-and-answers/,https://www.indiabix.com/aptitude/chain-rule/,"39 persons can repair a road in 12 days, working 5 hours a day. In how many days will 30 persons, working 6 hours a day, complete the work?","10,13,14,15"
1725619209-56,https://www.indiabix.com/aptitude/questions-and-answers/,https://www.indiabix.com/aptitude/ratio-and-proportion/,"A and B together have Rs. 1210. If  of A's amount is equal to  of B's amount, how much amount does B have?","Rs. 460,Rs. 484,Rs. 550,Rs. 664"
1725619209-57,https://www.indiabix.com/aptitude/questions-and-answers/,https://www.indiabix.com/aptitude/ratio-and-proportion/,Two numbers are respectively 20% and 50% more than a third number. The ratio of the two numbers is:,"2 : 5,3 : 5,4 : 5,6 : 7"
1725619209-58,https://www.indiabix.com/aptitude/questions-and-answers/,https://www.indiabix.com/aptitude/ratio-and-proportion/,"A sum of money is to be distributed among A, B, C, D in the proportion of  5 : 2 : 4 : 3. If C gets Rs. 1000 more than D, what is B's share?","Rs. 500,Rs. 1500,Rs. 2000,None of these"
1725619209-59,https://www.indiabix.com/aptitude/questions-and-answers/,https://www.indiabix.com/aptitude/ratio-and-proportion/,"Seats for Mathematics, Physics and Biology in a school are in the ratio 5 : 7 : 8. There is a proposal to increase these seats by 40%, 50% and 75% respectively. What will be the ratio of increased seats?","2 : 3 : 4,6 : 7 : 8,6 : 8 : 9,None of these"
1725619209-60,https://www.indiabix.com/aptitude/questions-and-answers/,https://www.indiabix.com/aptitude/ratio-and-proportion/,"In a mixture 60 litres, the ratio of milk and water 2 : 1. If this ratio is to be 1 : 2, then the quantity of water to be further added is:","20 litres,30 litres,40 litres,60 litres"
1725619211-61,https://www.indiabix.com/aptitude/questions-and-answers/,https://www.indiabix.com/aptitude/surds-and-indices/,(17)3.5 x (17)? = 178,"2.29,2.75,4.25,4.5"
1725619211-63,https://www.indiabix.com/aptitude/questions-and-answers/,https://www.indiabix.com/aptitude/surds-and-indices/,"Given that 100.48 = x, 100.70 = y and xz = y2, then the value of z is close to:","1.45,1.88,2.9,3.7"
1725619211-64,https://www.indiabix.com/aptitude/questions-and-answers/,https://www.indiabix.com/aptitude/surds-and-indices/,"If 5a = 3125, then the value of 5(a - 3) is:","251,256,251,625"
1725619211-65,https://www.indiabix.com/aptitude/questions-and-answers/,https://www.indiabix.com/aptitude/surds-and-indices/,"If 3(x - y) = 27 and 3(x + y) = 243, then x is equal to:","0,2,4,6"
1725619213-66,https://www.indiabix.com/aptitude/questions-and-answers/,https://www.indiabix.com/aptitude/square-root-and-cube-root/,The cube root of .000216 is:,".6,.06,77,87"
1725619213-67,https://www.indiabix.com/aptitude/questions-and-answers/,https://www.indiabix.com/aptitude/square-root-and-cube-root/,"What should come in place of both x in the equation
    x
    =
    162
    .
 
 
    128
    x","12,14,144,196"
1725619213-68,https://www.indiabix.com/aptitude/questions-and-answers/,https://www.indiabix.com/aptitude/square-root-and-cube-root/,"The least perfect square, which is divisible by each of 21, 36 and 66 is:","213,444,214,344,214,000,000,000"
1725619213-69,https://www.indiabix.com/aptitude/questions-and-answers/,https://www.indiabix.com/aptitude/square-root-and-cube-root/,1.5625 = ?,"1.05,1.25,1.45,1.55"
1725619213-70,https://www.indiabix.com/aptitude/questions-and-answers/,https://www.indiabix.com/aptitude/square-root-and-cube-root/,"If 35 + 125 = 17.88, then what will be the value of 80 + 65 ?","13.41,20.46,21.66,22.35"
1725619215-71,https://www.indiabix.com/aptitude/questions-and-answers/,https://www.indiabix.com/aptitude/simplification/,"A man  has  Rs.480 in the denominations of one-rupee notes, five-rupee notes and ten-rupee notes. The number of notes of each denomination is equal. What is the total number of notes that he has ?","45,60,75,90"
1725619215-72,https://www.indiabix.com/aptitude/questions-and-answers/,https://www.indiabix.com/aptitude/simplification/,"There are two examinations rooms A and B. If 10 students are sent from A to B, then the number of students in each room is the same. If 20 candidates are sent from B to A, then the number of students in A is double the number of students in B. The number of students in room A is:","20,80,100,200"
1725619215-73,https://www.indiabix.com/aptitude/questions-and-answers/,https://www.indiabix.com/aptitude/simplification/,The price of 10 chairs is equal to that of 4 tables. The price of 15 chairs and 2 tables together is Rs. 4000. The total price of 12 chairs and 3 tables is:,"Rs. 3500,Rs. 3750,Rs. 3840,Rs. 3900"
1725619215-74,https://www.indiabix.com/aptitude/questions-and-answers/,https://www.indiabix.com/aptitude/simplification/,"If a - b = 3 and a2 + b2 = 29, find the value of ab.","10,12,15,18"
1725619215-75,https://www.indiabix.com/aptitude/questions-and-answers/,https://www.indiabix.com/aptitude/simplification/,"The price of 2 sarees and 4 shirts is Rs. 1600. With the same money one can buy 1 saree and 6 shirts. If one wants to buy 12 shirts, how much shall he have to pay ?","Rs. 1200,Rs. 2400,Rs. 4800,Cannot be determined,None of these"
1725619218-76,https://www.indiabix.com/aptitude/questions-and-answers/,https://www.indiabix.com/aptitude/decimal-fraction/,"Evaluate :
    (2.39)2 - (1.61)2
 
 
    2.39 - 1.61","2,4,6,8"
1725619218-77,https://www.indiabix.com/aptitude/questions-and-answers/,https://www.indiabix.com/aptitude/decimal-fraction/,What decimal of an hour is a second ?,".0025,.0256,.00027,.000126"
1725619218-78,https://www.indiabix.com/aptitude/questions-and-answers/,https://www.indiabix.com/aptitude/decimal-fraction/,"The value of
    (0.96)3 - (0.1)3 
    is:
 
 
    (0.96)2 + 0.096 + (0.1)2","0.86,0.95,0.97,1.06"
1725619218-79,https://www.indiabix.com/aptitude/questions-and-answers/,https://www.indiabix.com/aptitude/decimal-fraction/,"The value of
    0.1 x 0.1 x 0.1 + 0.02 x 0.02 x 0.02
    is:
 
 
    0.2 x 0.2 x 0.2 + 0.04 x 0.04 x 0.04","0.0125,0.125,0.25,0.5"
1725619218-80,https://www.indiabix.com/aptitude/questions-and-answers/,https://www.indiabix.com/aptitude/decimal-fraction/,"If 2994 ÷ 14.5 = 172, then 29.94 ÷ 1.45 = ?","0.172,1.72,17.2,172"
1725619220-81,https://www.indiabix.com/aptitude/questions-and-answers/,https://www.indiabix.com/aptitude/problems-on-hcf-and-lcm/,"Find the greatest number that will divide 43, 91 and 183 so as to leave the same remainder in each case.","4,7,9,13"
1725619220-82,https://www.indiabix.com/aptitude/questions-and-answers/,https://www.indiabix.com/aptitude/problems-on-hcf-and-lcm/,The H.C.F. of two numbers is 23 and the other two factors of their L.C.M. are 13 and 14. The larger of the two numbers is:,"276,299,322,345"
1725619220-83,https://www.indiabix.com/aptitude/questions-and-answers/,https://www.indiabix.com/aptitude/problems-on-hcf-and-lcm/,"Six bells commence tolling together and toll at intervals of 2, 4, 6, 8 10 and 12 seconds respectively. In 30 minutes, how many times do they toll together ?","4,10,15,16"
1725619220-84,https://www.indiabix.com/aptitude/questions-and-answers/,https://www.indiabix.com/aptitude/problems-on-hcf-and-lcm/,"Let N be the greatest number that will divide 1305, 4665 and 6905, leaving the same remainder in each case. Then sum of the digits in N is:","4,5,6,8"
1725619220-85,https://www.indiabix.com/aptitude/questions-and-answers/,https://www.indiabix.com/aptitude/problems-on-hcf-and-lcm/,"The greatest number of four digits which is divisible by 15, 25, 40 and 75 is:","9,000,940,096,009,800"
1725619222-86,https://www.indiabix.com/aptitude/questions-and-answers/,https://www.indiabix.com/aptitude/problems-on-numbers/,"If one-third of one-fourth of a number is 15, then three-tenth of that number is:","35,36,45,54"
1725619222-87,https://www.indiabix.com/aptitude/questions-and-answers/,https://www.indiabix.com/aptitude/problems-on-numbers/,Three times the first of three consecutive odd integers is 3 more than twice the third. The third integer is:,"9,11,13,15"
1725619222-88,https://www.indiabix.com/aptitude/questions-and-answers/,https://www.indiabix.com/aptitude/problems-on-numbers/,The difference between a two-digit number and the number obtained by interchanging the positions of its digits is 36. What is the difference between the two digits of that number?,"3,4,9,Cannot be determined,None of these"
1725619222-89,https://www.indiabix.com/aptitude/questions-and-answers/,https://www.indiabix.com/aptitude/problems-on-numbers/,The difference between a two-digit number and the number obtained by interchanging the digits is 36. What is the difference between the sum and the difference of the digits of the number if the ratio between the digits of the number is 1 : 2 ?,"4,8,16,None of these"
1725619222-90,https://www.indiabix.com/aptitude/questions-and-answers/,https://www.indiabix.com/aptitude/problems-on-numbers/,"A two-digit number is such that the product of the digits is 8. When 18 is added to the number, then the digits are reversed. The number is:","18,24,42,81"
1725619224-91,https://www.indiabix.com/aptitude/questions-and-answers/,https://www.indiabix.com/aptitude/numbers/,Which one of the following is not a prime number?,"31,61,71,91"
1725619224-92,https://www.indiabix.com/aptitude/questions-and-answers/,https://www.indiabix.com/aptitude/numbers/,(112 x 54) = ?,"67,000,700,007,650,000,000"
1725619224-93,https://www.indiabix.com/aptitude/questions-and-answers/,https://www.indiabix.com/aptitude/numbers/,It is being given that (232 + 1) is completely divisible by a whole number. Which of the following numbers is completely divisible by this number?,"(216 + 1),(216 - 1),(7 x 223),(296 + 1)"
1725619224-94,https://www.indiabix.com/aptitude/questions-and-answers/,https://www.indiabix.com/aptitude/numbers/,"What least number must be added to 1056, so that the sum is completely divisible by 23 ?","2,3,18,21,None of these"
1725619224-95,https://www.indiabix.com/aptitude/questions-and-answers/,https://www.indiabix.com/aptitude/numbers/,1397 x 1397 = ?,"1951609,1981709,18362619,2031719,None of these"
1725619227-96,https://www.indiabix.com/aptitude/questions-and-answers/,https://www.indiabix.com/aptitude/permutation-and-combination/,"From a group of 7 men and 6 women, five persons are to be selected to form a committee so that at least 3 men are there on the committee. In how many ways can it be done?","564,645,735,756,None of these"
1725619227-97,https://www.indiabix.com/aptitude/questions-and-answers/,https://www.indiabix.com/aptitude/permutation-and-combination/,In how many different ways can the letters of the word 'LEADING' be arranged in such a way that the vowels always come together?,"360,480,720,5040,None of these"
1725619227-98,https://www.indiabix.com/aptitude/questions-and-answers/,https://www.indiabix.com/aptitude/permutation-and-combination/,In how many different ways can the letters of the word 'CORPORATION' be arranged so that the vowels always come together?,"81,014,402,880,504,000,000"
1725619227-99,https://www.indiabix.com/aptitude/questions-and-answers/,https://www.indiabix.com/aptitude/permutation-and-combination/,"Out of 7 consonants and 4 vowels, how many words of 3 consonants and 2 vowels can be formed?","210,1050,25200,21400,None of these"
1725619227-100,https://www.indiabix.com/aptitude/questions-and-answers/,https://www.indiabix.com/aptitude/permutation-and-combination/,In how many ways can the letters of the word 'LEADER' be arranged?,"72,144,360,720,None of these"
1725619229-101,https://www.indiabix.com/aptitude/questions-and-answers/,https://www.indiabix.com/aptitude/volume-and-surface-area/,"A right triangle with sides 3 cm, 4 cm and 5 cm is rotated the side of 3 cm to form a cone. The volume of the cone so formed is:","12 cm3,15 cm3,16 cm3,20 cm3"
1725619229-102,https://www.indiabix.com/aptitude/questions-and-answers/,https://www.indiabix.com/aptitude/volume-and-surface-area/,"In a shower, 5 cm of rain falls. The volume of water that falls on 1.5 hectares of ground is:","75 cu. m,750 cu. m,7500 cu. m,75000 cu. m"
1725619229-103,https://www.indiabix.com/aptitude/questions-and-answers/,https://www.indiabix.com/aptitude/volume-and-surface-area/,"A hall is 15 m long and 12 m broad. If the sum of the areas of the floor and the ceiling is equal to the sum of the areas of four walls, the volume of the hall is:","72,090,012,001,800"
1725619229-104,https://www.indiabix.com/aptitude/questions-and-answers/,https://www.indiabix.com/aptitude/volume-and-surface-area/,66 cubic centimetres of silver is drawn into a wire 1 mm in diameter. The length of the wire in metres will be:,"84,90,168,336"
1725619229-105,https://www.indiabix.com/aptitude/questions-and-answers/,https://www.indiabix.com/aptitude/volume-and-surface-area/,"A hollow iron pipe is 21 cm long and its external diameter is 8 cm. If the thickness of the pipe is 1 cm and iron weighs 8 g/cm3, then the weight of the pipe is:","3.6 kg,3.696 kg,36 kg,36.9 kg"
1725619231-106,https://www.indiabix.com/aptitude/questions-and-answers/,https://www.indiabix.com/aptitude/area/,"The ratio between the length and the breadth of a rectangular park is 3 : 2. If a man cycling along the boundary of the park at the speed of 12 km/hr completes one round in 8 minutes, then the area of the park (in sq. m) is:","1,536,015,360,030,720,000,000"
1725619231-107,https://www.indiabix.com/aptitude/questions-and-answers/,https://www.indiabix.com/aptitude/area/,An error 2% in excess is made while measuring the side of a square. The percentage of error in the calculated area of the square is:,"2%,2.02%,4%,4.04%"
1725619231-108,https://www.indiabix.com/aptitude/questions-and-answers/,https://www.indiabix.com/aptitude/area/,"The ratio between the perimeter and the breadth of a rectangle is 5 : 1. If the area of the rectangle is 216 sq. cm, what is the length of the rectangle?","16 cm,18 cm,24 cm,Data inadequate,None of these"
1725619231-109,https://www.indiabix.com/aptitude/questions-and-answers/,https://www.indiabix.com/aptitude/area/,"The percentage increase in the area of a rectangle, if each of its sides is increased by 20% is:","40%,42%,44%,46%"
1725619231-110,https://www.indiabix.com/aptitude/questions-and-answers/,https://www.indiabix.com/aptitude/area/,"A rectangular park 60 m long and 40 m wide has two concrete crossroads running in the middle of the park and rest of the park has been used as a lawn. If the area of the lawn is 2109 sq. m, then what is the width of the road?","2.91 m,3 m,5.82 m,None of these"
1725619234-111,https://www.indiabix.com/aptitude/questions-and-answers/,https://www.indiabix.com/aptitude/average/,"In the first 10 overs of a cricket game, the run rate was only 3.2. What should be the run rate in the remaining 40 overs to reach the target of 282 runs?","6.25,6.5,6.75,7"
1725619234-113,https://www.indiabix.com/aptitude/questions-and-answers/,https://www.indiabix.com/aptitude/average/,"A grocer has a sale of Rs. 6435, Rs. 6927, Rs. 6855, Rs. 7230 and Rs. 6562 for 5 consecutive months. How much sale must he have in the sixth month so that he gets an average sale of Rs. 6500?","Rs. 4991,Rs. 5991,Rs. 6001,Rs. 6991"
1725619234-114,https://www.indiabix.com/aptitude/questions-and-answers/,https://www.indiabix.com/aptitude/average/,"The average of 20 numbers is zero. Of them, at the most, how many may be greater than zero?","0,1,10,19"
1725619234-115,https://www.indiabix.com/aptitude/questions-and-answers/,https://www.indiabix.com/aptitude/average/,The average weight of 8 person's increases by 2.5 kg when a new person comes in place of one of them weighing 65 kg. What might be the weight of the new person?,"76 kg,76.5 kg,85 kg,Data inadequate,None of these"
1725619236-116,https://www.indiabix.com/aptitude/questions-and-answers/,https://www.indiabix.com/aptitude/clock/,An accurate clock shows 8 o'clock in the morning. Through how may degrees will the hour hand rotate when the clock shows 2 o'clock in the afternoon?,"144°,150°,168°,180°"
1725619236-118,https://www.indiabix.com/aptitude/questions-and-answers/,https://www.indiabix.com/aptitude/clock/,"A clock is started at noon. By 10 minutes past 5, the hour hand has turned through:","145°,150°,155°,160°"
1725619238-121,https://www.indiabix.com/aptitude/questions-and-answers/,https://www.indiabix.com/aptitude/calendar/,"It was Sunday on Jan 1, 2006. What was the day of the week Jan 1, 2010?","Sunday,Saturday,Friday,Wednesday"
1725619238-122,https://www.indiabix.com/aptitude/questions-and-answers/,https://www.indiabix.com/aptitude/calendar/,"What was the day of the week on 28th May, 2006?","Thursday,Friday,Saturday,Sunday"
1725619238-123,https://www.indiabix.com/aptitude/questions-and-answers/,https://www.indiabix.com/aptitude/calendar/,"What was the day of the week on 17th June, 1998?","Monday,Tuesday,Wednesday,Thursday"
1725619238-124,https://www.indiabix.com/aptitude/questions-and-answers/,https://www.indiabix.com/aptitude/calendar/,"What will be the day of the week 15th August, 2010?","Sunday,Monday,Tuesday,Friday"
1725619238-125,https://www.indiabix.com/aptitude/questions-and-answers/,https://www.indiabix.com/aptitude/calendar/,"Today is Monday. After 61 days, it will be:","Wednesday,Saturday,Tuesday,Thursday"
1725619240-127,https://www.indiabix.com/aptitude/questions-and-answers/,https://www.indiabix.com/aptitude/problems-on-ages/,The sum of ages of 5 children born at the intervals of 3 years each is 50 years. What is the age of the youngest child?,"4 years,8 years,10 years,None of these"
1725619240-128,https://www.indiabix.com/aptitude/questions-and-answers/,https://www.indiabix.com/aptitude/problems-on-ages/,"A father said to his son, ""I was as old as you are at the present at the time of your birth"". If the father's age is 38 years now, the son's age five years back was:","14 years,19 years,33 years,38 years"
1725619240-129,https://www.indiabix.com/aptitude/questions-and-answers/,https://www.indiabix.com/aptitude/problems-on-ages/,"A is two years older than B who is twice as old as C. If the total of the ages of A, B and C be 27, then how old is B?","7,8,9,10,11"
1725619240-130,https://www.indiabix.com/aptitude/questions-and-answers/,https://www.indiabix.com/aptitude/problems-on-ages/,"Present ages of Sameer and Anand are in the ratio of 5 : 4 respectively. Three years hence, the ratio of their ages will become 11 : 9 respectively. What is Anand's present age in years?","24,27,40,Cannot be determined,None of these"
1725619243-132,https://www.indiabix.com/aptitude/questions-and-answers/,https://www.indiabix.com/aptitude/percentage/,Two students appeared at an examination. One of them secured 9 marks more than the other and his marks was 56% of the sum of their marks. The marks obtained by them are:,"39, 30,41, 32,42, 33,43, 34"
1725619243-133,https://www.indiabix.com/aptitude/questions-and-answers/,https://www.indiabix.com/aptitude/percentage/,"A fruit seller had some apples. He sells 40% apples and still has 420 apples. Originally, he had:","588 apples,600 apples,672 apples,700 apples"
1725619243-134,https://www.indiabix.com/aptitude/questions-and-answers/,https://www.indiabix.com/aptitude/percentage/,What percentage of numbers from 1 to 70 have 1 or 9 in the unit's digit?,"1,14,20,21"
1725619243-135,https://www.indiabix.com/aptitude/questions-and-answers/,https://www.indiabix.com/aptitude/percentage/,"If A = x% of y and B = y% of x, then which of the following is true?","A is smaller than B.,A is greater than B,Relationship between A and B cannot be determined.,If x is smaller than y, then A is greater than B.,None of these"
1725619245-136,https://www.indiabix.com/aptitude/questions-and-answers/,https://www.indiabix.com/aptitude/partnership/,"A and B invest in a business in the ratio 3 : 2. If 5% of the total profit goes to charity and A's share is Rs. 855, the total profit is:","Rs. 1425,Rs. 1500,Rs. 1537.50,Rs. 1576"
1725619245-137,https://www.indiabix.com/aptitude/questions-and-answers/,https://www.indiabix.com/aptitude/partnership/,"A, B and C jointly thought of engaging themselves in a business venture. It was agreed that A would invest Rs. 6500 for 6 months, B, Rs. 8400 for 5 months and C, Rs. 10,000 for 3 months. A wants to be the working member for which, he was to receive 5% of the profits. The profit earned was Rs. 7400. Calculate the share of B in the profit.","Rs. 1900,Rs. 2660,Rs. 2800,Rs. 2840"
1725619245-138,https://www.indiabix.com/aptitude/questions-and-answers/,https://www.indiabix.com/aptitude/partnership/,"A, B and C enter into a partnership in the ratio  :  : . After 4 months, A increases his share 50%. If the total profit at the end of one year be Rs. 21,600, then B's share in the profit is:","Rs. 2100,Rs. 2400,Rs. 3600,Rs. 4000"
1725619245-139,https://www.indiabix.com/aptitude/questions-and-answers/,https://www.indiabix.com/aptitude/partnership/,"A, B, C subscribe Rs. 50,000 for a business. A subscribes Rs. 4000 more than B and B Rs. 5000 more than C. Out of a total profit of Rs. 35,000, A receives:","Rs. 8400,Rs. 11,900,Rs. 13,600,Rs. 14,700"
1725619245-140,https://www.indiabix.com/aptitude/questions-and-answers/,https://www.indiabix.com/aptitude/partnership/,"Three partners shared the profit in a business in the ratio 5 : 7 : 8. They had partnered for 14 months, 8 months and 7 months respectively. What was the ratio of their investments?","5 : 7 : 8,20 : 49 : 64,38 : 28 : 21,None of these"
1725619248-142,https://www.indiabix.com/aptitude/questions-and-answers/,https://www.indiabix.com/aptitude/profit-and-loss/,"The cost price of 20 articles is the same as the selling price of x articles. If the profit is 25%, then the value of x is:","15,16,18,25"
1725619248-144,https://www.indiabix.com/aptitude/questions-and-answers/,https://www.indiabix.com/aptitude/profit-and-loss/,"In a certain store, the profit is 320% of the cost. If the cost increases by 25% but the selling price remains constant, approximately what percentage of the selling price is the profit?","30%,70%,100%,250%"
1725619248-145,https://www.indiabix.com/aptitude/questions-and-answers/,https://www.indiabix.com/aptitude/profit-and-loss/,A vendor bought toffees at 6 for a rupee. How many for a rupee must he sell to gain 20%?,"3,4,5,6"
1725619251-146,https://www.indiabix.com/aptitude/questions-and-answers/,https://www.indiabix.com/aptitude/compound-interest/,"A bank offers 5% compound interest calculated on half-yearly basis. A customer deposits Rs. 1600 each on 1st January and 1st July of a year. At the end of the year, the amount he would have gained by way of interest is:","Rs. 120,Rs. 121,Rs. 122,Rs. 123"
1725619251-147,https://www.indiabix.com/aptitude/questions-and-answers/,https://www.indiabix.com/aptitude/compound-interest/,The difference between simple and compound interests compounded annually on a certain sum of money for 2 years at 4% per annum is Re. 1. The sum (in Rs.) is:,"625,630,640,650"
1725619251-148,https://www.indiabix.com/aptitude/questions-and-answers/,https://www.indiabix.com/aptitude/compound-interest/,"There is 60% increase in an amount in 6 years at simple interest. What will be the compound interest of Rs. 12,000 after 3 years at the same rate?","Rs. 2160,Rs. 3120,Rs. 3972,Rs. 6240,None of these"
1725619251-149,https://www.indiabix.com/aptitude/questions-and-answers/,https://www.indiabix.com/aptitude/compound-interest/,What is the difference between the compound interests on Rs. 5000 for 1 years at 4% per annum compounded yearly and half-yearly?,"Rs. 2.04,Rs. 3.06,Rs. 4.80,Rs. 8.30"
1725619253-151,https://www.indiabix.com/aptitude/questions-and-answers/,https://www.indiabix.com/aptitude/simple-interest/,A sum of money at simple interest amounts to Rs. 815 in 3 years and to Rs. 854 in 4 years. The sum is:,"Rs. 650,Rs. 690,Rs. 698,Rs. 700"
1725619253-152,https://www.indiabix.com/aptitude/questions-and-answers/,https://www.indiabix.com/aptitude/simple-interest/,"Mr. Thomas invested an amount of Rs. 13,900 divided in two different schemes A and B at the simple interest rate of 14% p.a. and 11% p.a. respectively. If the total amount of simple interest earned in 2 years be Rs. 3508, what was the amount invested in Scheme B?","Rs. 6400,Rs. 6500,Rs. 7200,Rs. 7500,None of these"
1725619253-153,https://www.indiabix.com/aptitude/questions-and-answers/,https://www.indiabix.com/aptitude/simple-interest/,A sum fetched a total simple interest of Rs. 4016.25 at the rate of 9 p.c.p.a. in 5 years. What is the sum?,"Rs. 4462.50,Rs. 8032.50,Rs. 8900,Rs. 8925,None of these"
1725619253-154,https://www.indiabix.com/aptitude/questions-and-answers/,https://www.indiabix.com/aptitude/simple-interest/,How much time will it take for an amount of Rs. 450 to yield Rs. 81 as interest at 4.5% per annum of simple interest?,"3.5 years,4 years,4.5 years,5 years"
1725619253-155,https://www.indiabix.com/aptitude/questions-and-answers/,https://www.indiabix.com/aptitude/simple-interest/,"Reena took a loan of Rs. 1200 with simple interest for as many years as the rate of interest. If she paid Rs. 432 as interest at the end of the loan period, what was the rate of interest?","3.6,6,18,Cannot be determined,None of these"
1725619256-158,https://www.indiabix.com/aptitude/questions-and-answers/,https://www.indiabix.com/aptitude/time-and-work/,"A, B and C can do a piece of work in 20, 30 and 60 days respectively. In how many days can A do the work if he is assisted by B and C on every third day?","12 days,15 days,16 days,18 days"
1725619256-160,https://www.indiabix.com/aptitude/questions-and-answers/,https://www.indiabix.com/aptitude/time-and-work/,"A alone can do a piece of work in 6 days and B alone in 8 days. A and B undertook to do it for Rs. 3200. With the help of C, they completed the work in 3 days. How much is to be paid to C?","Rs. 375,Rs. 400,Rs. 600,Rs. 800"
1725619258-161,https://www.indiabix.com/aptitude/questions-and-answers/,https://www.indiabix.com/aptitude/height-and-distance/,"Two ships are sailing in the sea on the two sides of a lighthouse. The angle of elevation of the top of the lighthouse is observed from the ships are 30° and 45° respectively. If the lighthouse is 100 m high, the distance between the two ships is:","173 m,200 m,273 m,300 m"
1725619258-162,https://www.indiabix.com/aptitude/questions-and-answers/,https://www.indiabix.com/aptitude/height-and-distance/,"A man standing at a point P is watching the top of a tower, which makes an angle of elevation of 30° with the man's eye. The man walks some distance towards the tower to watch its top and the angle of the elevation becomes 60°. What is the distance between the base of the tower and the point P?","43 units,8 units,12 units,Data inadequate,None of these"
1725619258-163,https://www.indiabix.com/aptitude/questions-and-answers/,https://www.indiabix.com/aptitude/height-and-distance/,The angle of elevation of a ladder leaning against a wall is 60° and the foot of the ladder is 4.6 m away from the wall. The length of the ladder is:,"2.3 m,4.6 m,7.8 m,9.2 m"
1725619258-164,https://www.indiabix.com/aptitude/questions-and-answers/,https://www.indiabix.com/aptitude/height-and-distance/,An observer 1.6 m tall is 203 away from a tower. The angle of elevation from his eye to the top of the tower is 30°. The height of the tower is:,"21.6 m,23.2 m,24.72 m,None of these"
1725619258-165,https://www.indiabix.com/aptitude/questions-and-answers/,https://www.indiabix.com/aptitude/height-and-distance/,"From a point P on a level ground, the angle of elevation of the top tower is 30°. If the tower is 100 m high, the distance of point P from the foot of the tower is:","149 m,156 m,173 m,200 m"
1725619261-166,https://www.indiabix.com/aptitude/questions-and-answers/,https://www.indiabix.com/aptitude/time-and-distance/,A person crosses a 600 m long street in 5 minutes. What is his speed in km per hour?,"3.6,7.2,8.4,10"
1725619261-167,https://www.indiabix.com/aptitude/questions-and-answers/,https://www.indiabix.com/aptitude/time-and-distance/,"An aeroplane covers a certain distance at a speed of 240 kmph in 5 hours. To cover the same distance in 1 hours, it must travel at a speed of:","300 kmph,360 kmph,600 kmph,720 kmph"
1725619261-168,https://www.indiabix.com/aptitude/questions-and-answers/,https://www.indiabix.com/aptitude/time-and-distance/,"If a person walks at 14 km/hr instead of 10 km/hr, he would have walked 20 km more. The actual distance travelled by him is:","50 km,56 km,70 km,80 km"
1725619261-169,https://www.indiabix.com/aptitude/questions-and-answers/,https://www.indiabix.com/aptitude/time-and-distance/,"A train can travel 50% faster than a car. Both start from point A at the same time and reach point B 75 kms away from A at the same time. On the way, however, the train lost about 12.5 minutes while stopping at the stations. The speed of the car is:","100 kmph,110 kmph,120 kmph,130 kmph"
1725619261-170,https://www.indiabix.com/aptitude/questions-and-answers/,https://www.indiabix.com/aptitude/time-and-distance/,"Excluding stoppages, the speed of a bus is 54 kmph and including stoppages, it is 45 kmph. For how many minutes does the bus stop per hour?","9,10,12,20"
1725619263-171,https://www.indiabix.com/aptitude/questions-and-answers/,https://www.indiabix.com/aptitude/problems-on-trains/,A train running at the speed of 60 km/hr crosses a pole in 9 seconds. What is the length of the train?,"120 metres,180 metres,324 metres,150 metres"
1725619263-172,https://www.indiabix.com/aptitude/questions-and-answers/,https://www.indiabix.com/aptitude/problems-on-trains/,"A train 125 m long passes a man, running at 5 km/hr in the same direction in which the train is going, in 10 seconds. The speed of the train is:","45 km/hr,50 km/hr,54 km/hr,55 km/hr"
1725619263-173,https://www.indiabix.com/aptitude/questions-and-answers/,https://www.indiabix.com/aptitude/problems-on-trains/,"The length of the bridge, which a train 130 metres long and travelling at 45 km/hr can cross in 30 seconds, is:","200 m,225 m,245 m,250 m"
1725619263-174,https://www.indiabix.com/aptitude/questions-and-answers/,https://www.indiabix.com/aptitude/problems-on-trains/,Two trains running in opposite directions cross a man standing on the platform in 27 seconds and 17 seconds respectively and they cross each other in 23 seconds. The ratio of their speeds is:,"1 : 3,3 : 2,3 : 4,None of these"
1725619263-175,https://www.indiabix.com/aptitude/questions-and-answers/,https://www.indiabix.com/aptitude/problems-on-trains/,"A train passes a station platform in 36 seconds and a man standing on the platform in 20 seconds. If the speed of the train is 54 km/hr, what is the length of the platform?","120 m,240 m,300 m,None of these"
